Generation,Fitness
0,0.9195470286215761
1,0.9248940445241757
2,0.9474243106831137
3,0.9929524290492062
