Generation,Fitness
0,0.9195470286215761
1,0.9262462355176583
2,0.9262462355176583
3,0.9262462355176583
