Generation,Fitness
0,0.9195470286215761
1,0.9435975817652286
2,0.9677026880903488
3,0.973458193148043
