{
    "current_coord": [
        38.9281815,
        -95.677021
    ],
    "start_time": 170938,
    "initial_battery_charge": 0.65
}