{
    "current_coord": [38.9281815, -95.677021],

    "start_time": 41460,
    "initial_battery_charge": 0.65
}