{
    "current_coord": [
        38.9281815,
        -95.677021
    ],
    "start_time": 67113,
    "initial_battery_charge": 0.99,
    "timezone_offset": 7200.0
}