{
  "race_type": "FSGP",
  "origin_coord": [
    38.9281815,
    -95.677021
  ],
  "dest_coord": [
    38.9282115,
    -95.6770268
  ],
  "waypoints": [
    [
      38.9221906,
      -95.6762981
    ],
    [
      38.9217086,
      -95.6767896
    ],
    [
      38.9189926,
      -95.6753145
    ],
    [
      38.9196768,
      -95.6724799
    ],
    [
      38.9196768,
      -95.6724799
    ],
    [
      38.9247448,
      -95.6714528
    ],
    [
      38.9309102,
      -95.6749362
    ],
    [
      38.928188,
      -95.6770129
    ]
  ],
  "tick": 1,
  "simulation_duration": 259200,
  "start_hour": 7,
  "initial_battery_charge": 1.0,
  "lvs_power_loss": 0,
  "gis_force_update": false,
  "weather_force_update": false
}
